EmpID,FirstName,LastName,Gender,Age,ContactAddress,EmpEmail,EmpPass,JobID,HireDate,TenureYears
1,John,Doe,M,30,"123 Elm St, NY",john.doe@example.com,password123,1,2019-12-06,5.1
2,Jane,Smith,F,28,"456 Maple Ave, CA",jane.smith@example.com,password123,2,2018-03-20,6.8
3,Alice,Brown,F,35,"789 Oak St, TX",alice.brown@example.com,password123,3,2020-01-15,5.0
4,Bob,Johnson,M,40,"101 Pine St, FL",bob.johnson@example.com,password123,4,2021-04-01,3.8
5,Charlie,Williams,M,33,"202 Birch Rd, IL",charlie.williams@example.com,password123,5,2020-08-11,4.4
6,Dave,Miller,M,29,"303 Cedar Blvd, NY",dave.miller@example.com,password123,6,2017-11-20,7.1
7,Eve,Davis,F,25,"404 Maple Dr, TX",eve.davis@example.com,password123,7,2021-05-10,3.6
8,Frank,Wilson,M,38,"505 Pine Ave, FL",frank.wilson@example.com,password123,8,2018-07-14,6.5
9,Grace,Moore,F,45,"606 Oak Blvd, CA",grace.moore@example.com,password123,9,2020-02-19,4.9
10,Harry,Taylor,M,50,"707 Elm Rd, NY",harry.taylor@example.com,password123,10,2016-12-01,8.1
11,Irene,Anderson,F,32,"808 Maple St, FL",irene.anderson@example.com,password123,11,2015-10-09,9.2
12,Jack,Thomas,M,34,"909 Pine Rd, TX",jack.thomas@example.com,password123,12,2019-05-03,5.7
13,Karen,Jackson,F,30,"1010 Oak Dr, NY",karen.jackson@example.com,password123,13,2018-08-22,6.4
14,Louis,White,M,27,"1111 Maple Blvd, FL",louis.white@example.com,password123,14,2020-09-09,4.3
15,Maria,Harris,F,41,"1212 Cedar Ave, CA",maria.harris@example.com,password123,15,2021-01-01,4.0
16,Nathan,Martin,M,26,"1313 Birch Rd, TX",nathan.martin@example.com,password123,16,2021-02-14,3.9
17,Olivia,Lee,F,50,"1414 Oak Blvd, FL",olivia.lee@example.com,password123,17,2019-10-30,5.2
18,Paul,Clark,M,37,"1515 Pine St, NY",paul.clark@example.com,password123,18,2020-04-04,4.7
19,Quinn,Lewis,F,31,"1616 Cedar Blvd, CA",quinn.lewis@example.com,password123,19,2017-05-25,7.6
20,Rachel,Walker,F,28,"1717 Birch Ave, TX",rachel.walker@example.com,password123,20,2022-11-01,2.2
21,Steve,Hall,M,46,"1818 Maple Rd, FL",steve.hall@example.com,password123,21,2023-02-01,1.9
22,Tina,Allen,F,38,"1919 Oak St, NY",tina.allen@example.com,password123,22,2020-12-20,4.0
23,Ulysses,Young,M,41,"2020 Pine Blvd, TX",ulysses.young@example.com,password123,23,2019-06-14,5.5
24,Vanessa,King,F,34,"2121 Cedar Rd, CA",vanessa.king@example.com,password123,24,2018-07-30,6.4
25,William,Scott,M,55,"2222 Birch Blvd, FL",william.scott@example.com,password123,25,2016-11-05,8.2
26,Xavier,Adams,M,28,"2323 Maple Ave, TX",xavier.adams@example.com,password123,26,2020-03-17,4.8
27,Yvonne,Nelson,F,42,"2424 Oak Rd, CA",yvonne.nelson@example.com,password123,27,2017-04-01,7.8
28,Zack,Carter,M,36,"2525 Pine Blvd, NY",zack.carter@example.com,password123,28,2021-08-08,3.4
29,Annabelle,Mitchell,F,29,"2626 Cedar St, TX",annabelle.mitchell@example.com,password123,29,2015-05-12,9.6
30,Bruce,Roberts,M,50,"2727 Birch Blvd, CA",bruce.roberts@example.com,password123,30,2016-02-25,8.8
31,Cindy,Perez,F,35,"2828 Maple Blvd, FL",cindy.perez@example.com,password123,31,2021-06-01,3.6
32,Daniel,Lee,M,42,"2929 Oak Blvd, TX",daniel.lee@example.com,password123,32,2020-07-07,4.5
33,Emma,Garcia,F,38,"3030 Pine Rd, CA",emma.garcia@example.com,password123,33,2018-10-16,6.2
34,Frank,Davis,M,43,"3131 Cedar Ave, NY",frank.davis@example.com,password123,34,2019-01-10,6.0
35,Grake,Moor,F,31,"3232 Birch Rd, TX",grake.moor@example.com,password123,35,2017-03-12,7.8
36,Hank,Wilson,M,47,"3333 Maple Dr, CA",hank.wilson@example.com,password123,36,2015-09-23,9.3
37,Ingrid,Adams,F,26,"3434 Oak St, NY",ingrid.adams@example.com,password123,37,2016-06-18,8.5
38,John,Baker,M,32,"3535 Pine Rd, TX",john.baker@example.com,password123,38,2020-05-10,4.6
39,Kelly,Cooper,F,40,"3636 Cedar Blvd, CA",kelly.cooper@example.com,password123,39,2019-11-20,5.1
40,Leo,Rodriguez,M,28,"3737 Birch Ave, TX",leo.rodriguez@example.com,password123,40,2022-04-01,2.8
41,Maria,Green,F,29,"3838 Oak Rd, NY",maria.green@example.com,password123,41,2021-02-15,3.9
42,Nora,Harris,F,35,"3939 Pine Blvd, CA",nora.harris@example.com,password123,42,2018-06-09,6.6
43,Oliver,Mitchell,M,39,"4040 Cedar St, TX",oliver.mitchell@example.com,password123,43,2014-01-01,11.0
44,Pat,Collins,M,30,"4141 Maple Rd, FL",pat.collins@example.com,password123,44,2013-09-22,11.3
45,Quinn,Walker,F,25,"4242 Oak Blvd, TX",quinn.walker@example.com,password123,45,2012-08-30,12.3
46,Ryan,Nelson,M,32,"4343 Pine Rd, CA",ryan.nelson@example.com,password123,46,2011-05-20,13.6
47,Sally,Clark,F,33,"4444 Cedar Ave, NY",sally.clark@example.com,password123,47,2010-03-19,14.8
48,Tom,Perez,M,36,"4545 Birch Blvd, TX",tom.perez@example.com,password123,48,2021-06-18,3.5
49,Ursula,Young,F,27,"4646 Oak St, NY",ursula.young@example.com,password123,49,2022-01-08,3.0
50,Victor,Ward,M,41,"4747 Maple Ave, TX",victor.ward@example.com,password123,50,2020-09-30,4.3
51,Wendy,Morgan,F,36,"4848 Pine Rd, CA",wendy.morgan@example.com,password123,51,2018-02-27,6.8
52,Xavier,Lewis,M,28,"4949 Cedar Blvd, NY",xavier.lewis@example.com,password123,52,2021-03-22,3.8
53,Yasmine,Robinson,F,34,"5050 Birch Rd, TX",yasmine.robinson@example.com,password123,53,2020-11-01,4.2
54,Zachary,Wilson,M,38,"5151 Oak Blvd, CA",zachary.wilson@example.com,password123,54,2016-10-05,8.2
55,Adam,Harris,M,31,"5252 Maple Rd, TX",adam.harris@example.com,password123,55,2021-12-13,3.0
56,Brooke,Clark,F,40,"5353 Pine Blvd, FL",brooke.clark@example.com,password123,56,2019-05-06,5.7
57,Connor,Scott,M,27,"5454 Cedar Rd, NY",connor.scott@example.com,password123,57,2022-07-15,2.5
58,Daisy,Allen,F,35,"5555 Birch Ave, TX",daisy.allen@example.com,password123,58,2023-01-05,2.0
59,Eli,Mitchell,M,33,"5656 Oak Rd, CA",eli.mitchell@example.com,password123,59,2018-08-08,6.4
60,Fiona,Jackson,F,30,"5757 Pine Blvd, TX",fiona.jackson@example.com,password123,60,2020-03-25,4.8
